-- phpMyAdmin SQL Dump
-- version 5.1.1
-- https://www.phpmyadmin.net/
--
-- Host: 127.0.0.1
-- Generation Time: Apr 25, 2022 at 02:00 AM
-- Server version: 10.4.22-MariaDB
-- PHP Version: 8.1.2

SET SQL_MODE = "NO_AUTO_VALUE_ON_ZERO";
START TRANSACTION;
SET time_zone = "+00:00";


/*!40101 SET @OLD_CHARACTER_SET_CLIENT=@@CHARACTER_SET_CLIENT */;
/*!40101 SET @OLD_CHARACTER_SET_RESULTS=@@CHARACTER_SET_RESULTS */;
/*!40101 SET @OLD_COLLATION_CONNECTION=@@COLLATION_CONNECTION */;
/*!40101 SET NAMES utf8mb4 */;

--
-- Database: `artisanat`
--

-- --------------------------------------------------------

--
-- Table structure for table `articles`
--

CREATE TABLE `articles` (
  `id` bigint(20) UNSIGNED NOT NULL,
  `id_user` bigint(20) UNSIGNED NOT NULL,
  `description_article` varchar(200) DEFAULT NULL,
  `img_article` varchar(200) DEFAULT NULL,
  `created_at` timestamp NULL DEFAULT NULL,
  `updated_at` timestamp NULL DEFAULT NULL
) ENGINE=InnoDB DEFAULT CHARSET=utf8mb4;

-- --------------------------------------------------------

--
-- Table structure for table `clients`
--

CREATE TABLE `clients` (
  `id` bigint(20) NOT NULL,
  `nom` varchar(255) COLLATE utf8mb4_unicode_ci NOT NULL,
  `prenom` varchar(255) COLLATE utf8mb4_unicode_ci NOT NULL,
  `email` varchar(255) COLLATE utf8mb4_unicode_ci NOT NULL,
  `tele` varchar(255) COLLATE utf8mb4_unicode_ci NOT NULL,
  `password` varchar(255) COLLATE utf8mb4_unicode_ci NOT NULL,
  `created_at` timestamp NULL DEFAULT NULL,
  `updated_at` timestamp NULL DEFAULT NULL
) ENGINE=InnoDB DEFAULT CHARSET=utf8mb4 COLLATE=utf8mb4_unicode_ci;

--
-- Dumping data for table `clients`
--

INSERT INTO `clients` (`id`, `nom`, `prenom`, `email`, `tele`, `password`, `created_at`, `updated_at`) VALUES
(16, 'client01', 'client01', 'client01@artisanat.com', '012655255', '$2y$10$p6qj.SlMdgH2yol6gsetoei1ZUHgFndzwi5H4kWyOsxkZVziV1aJm', '2022-04-23 14:43:22', '2022-04-23 14:43:22'),
(18, 'client02', 'client02', 'client02@artisanat.com', '02225655', '$2y$10$4jC.zsXPtd/q.bzKnjaT.OHXcnHFyKHHruiBqduzaLX/husGtxlPG', '2022-04-23 23:03:56', '2022-04-23 23:03:56'),
(19, 'client03', 'client03', 'client03@artisanat.com', '06666666666', '$2y$10$IwfiNAdcrUvKwFp2M.n97uCIxqRn955sB4IRu0/P6034v4nncvcOe', '2022-04-24 23:55:29', '2022-04-24 23:55:29');

-- --------------------------------------------------------

--
-- Table structure for table `commandes`
--

CREATE TABLE `commandes` (
  `id` int(11) NOT NULL,
  `id_client` bigint(20) NOT NULL,
  `id_artisan` bigint(20) UNSIGNED NOT NULL,
  `titre_commande` varchar(100) NOT NULL,
  `description_commande` varchar(200) NOT NULL,
  `image` varchar(100) DEFAULT NULL,
  `date_commande` date NOT NULL,
  `created_at` timestamp NULL DEFAULT NULL,
  `updated_at` timestamp NULL DEFAULT NULL
) ENGINE=InnoDB DEFAULT CHARSET=utf8mb4;

-- --------------------------------------------------------

--
-- Table structure for table `data_rows`
--

CREATE TABLE `data_rows` (
  `id` int(10) UNSIGNED NOT NULL,
  `data_type_id` int(10) UNSIGNED NOT NULL,
  `field` varchar(255) COLLATE utf8mb4_unicode_ci NOT NULL,
  `type` varchar(255) COLLATE utf8mb4_unicode_ci NOT NULL,
  `display_name` varchar(255) COLLATE utf8mb4_unicode_ci NOT NULL,
  `required` tinyint(1) NOT NULL DEFAULT 0,
  `browse` tinyint(1) NOT NULL DEFAULT 1,
  `read` tinyint(1) NOT NULL DEFAULT 1,
  `edit` tinyint(1) NOT NULL DEFAULT 1,
  `add` tinyint(1) NOT NULL DEFAULT 1,
  `delete` tinyint(1) NOT NULL DEFAULT 1,
  `details` text COLLATE utf8mb4_unicode_ci DEFAULT NULL,
  `order` int(11) NOT NULL DEFAULT 1
) ENGINE=InnoDB DEFAULT CHARSET=utf8mb4 COLLATE=utf8mb4_unicode_ci;

--
-- Dumping data for table `data_rows`
--

INSERT INTO `data_rows` (`id`, `data_type_id`, `field`, `type`, `display_name`, `required`, `browse`, `read`, `edit`, `add`, `delete`, `details`, `order`) VALUES
(1, 1, 'id', 'number', 'ID', 1, 0, 0, 0, 0, 0, '{}', 1),
(2, 1, 'name', 'text', 'Name', 1, 1, 1, 1, 1, 1, '{}', 2),
(3, 1, 'email', 'text', 'Email', 1, 1, 1, 1, 1, 1, '{}', 3),
(4, 1, 'password', 'password', 'Password', 1, 0, 0, 1, 1, 0, '{}', 4),
(5, 1, 'remember_token', 'text', 'Remember Token', 0, 0, 0, 0, 0, 0, '{}', 5),
(6, 1, 'created_at', 'timestamp', 'Created At', 0, 1, 1, 0, 0, 0, '{}', 6),
(7, 1, 'updated_at', 'timestamp', 'Updated At', 0, 0, 0, 0, 0, 0, '{}', 7),
(8, 1, 'avatar', 'image', 'Avatar', 0, 1, 1, 1, 1, 1, '{}', 8),
(9, 1, 'user_belongsto_role_relationship', 'relationship', 'Role', 0, 1, 1, 1, 1, 0, '{\"model\":\"TCG\\\\Voyager\\\\Models\\\\Role\",\"table\":\"roles\",\"type\":\"belongsTo\",\"column\":\"role_id\",\"key\":\"id\",\"label\":\"display_name\",\"pivot_table\":\"roles\",\"pivot\":\"0\",\"taggable\":\"0\"}', 10),
(10, 1, 'user_belongstomany_role_relationship', 'relationship', 'voyager::seeders.data_rows.roles', 0, 1, 1, 1, 1, 0, '{\"model\":\"TCG\\\\Voyager\\\\Models\\\\Role\",\"table\":\"roles\",\"type\":\"belongsToMany\",\"column\":\"id\",\"key\":\"id\",\"label\":\"display_name\",\"pivot_table\":\"user_roles\",\"pivot\":\"1\",\"taggable\":\"0\"}', 11),
(11, 1, 'settings', 'hidden', 'Settings', 0, 0, 0, 0, 0, 0, '{}', 12),
(12, 2, 'id', 'number', 'ID', 1, 0, 0, 0, 0, 0, NULL, 1),
(13, 2, 'name', 'text', 'Name', 1, 1, 1, 1, 1, 1, NULL, 2),
(14, 2, 'created_at', 'timestamp', 'Created At', 0, 0, 0, 0, 0, 0, NULL, 3),
(15, 2, 'updated_at', 'timestamp', 'Updated At', 0, 0, 0, 0, 0, 0, NULL, 4),
(16, 3, 'id', 'number', 'ID', 1, 0, 0, 0, 0, 0, NULL, 1),
(17, 3, 'name', 'text', 'Name', 1, 1, 1, 1, 1, 1, NULL, 2),
(18, 3, 'created_at', 'timestamp', 'Created At', 0, 0, 0, 0, 0, 0, NULL, 3),
(19, 3, 'updated_at', 'timestamp', 'Updated At', 0, 0, 0, 0, 0, 0, NULL, 4),
(20, 3, 'display_name', 'text', 'Display Name', 1, 1, 1, 1, 1, 1, NULL, 5),
(21, 1, 'role_id', 'text', 'Role', 0, 1, 1, 1, 1, 1, '{}', 9),
(22, 1, 'email_verified_at', 'timestamp', 'Email Verified At', 0, 1, 1, 1, 1, 1, '{}', 6),
(23, 1, 'nom', 'text', 'Nom', 1, 1, 1, 1, 1, 1, '{}', 12),
(24, 1, 'prenom', 'text', 'Prenom', 1, 1, 1, 1, 1, 1, '{}', 13),
(25, 1, 'phone', 'text', 'Phone', 1, 1, 1, 1, 1, 1, '{}', 14),
(26, 1, 'metier', 'select_dropdown', 'Metier', 0, 1, 1, 1, 1, 1, '{}', 15),
(27, 9, 'id', 'text', 'Id', 1, 0, 0, 0, 0, 0, '{}', 1),
(28, 9, 'nom', 'text', 'Nom', 1, 1, 1, 1, 1, 1, '{}', 2),
(29, 9, 'prenom', 'text', 'Prenom', 1, 1, 1, 1, 1, 1, '{}', 3),
(30, 9, 'email', 'text', 'Email', 1, 1, 1, 1, 1, 1, '{}', 4),
(31, 9, 'tele', 'text', 'Tele', 1, 1, 1, 1, 1, 1, '{}', 5),
(32, 9, 'password', 'text', 'Password', 1, 1, 1, 1, 1, 1, '{}', 6),
(33, 9, 'created_at', 'timestamp', 'Created At', 0, 1, 1, 1, 0, 1, '{}', 7),
(34, 9, 'updated_at', 'timestamp', 'Updated At', 0, 0, 0, 0, 0, 0, '{}', 8),
(39, 20, 'id', 'text', 'Id', 1, 0, 0, 0, 0, 0, '{}', 1),
(40, 20, 'utilisateur', 'text', 'Utilisateur', 1, 1, 1, 1, 1, 1, '{}', 2),
(41, 20, 'email', 'text', 'Email', 1, 1, 1, 1, 1, 1, '{}', 3),
(42, 20, 'description', 'text_area', 'Description', 1, 1, 1, 1, 1, 1, '{}', 4),
(43, 21, 'id', 'text', 'Id', 1, 0, 0, 0, 0, 0, '{}', 1),
(44, 21, 'id_user', 'text', 'Id User', 1, 1, 1, 1, 1, 1, '{}', 2),
(45, 21, 'description_article', 'text_area', 'Description Article', 0, 1, 1, 1, 1, 1, '{}', 3),
(46, 21, 'img_article', 'multiple_images', 'Img Article', 0, 1, 1, 1, 1, 1, '{}', 4),
(47, 21, 'created_at', 'timestamp', 'Created At', 0, 1, 1, 1, 0, 1, '{}', 5),
(48, 21, 'updated_at', 'timestamp', 'Updated At', 0, 0, 0, 0, 0, 0, '{}', 6),
(49, 22, 'id', 'text', 'Id', 1, 0, 0, 0, 0, 0, '{}', 1),
(50, 22, 'id_client', 'text', 'Id Client', 1, 0, 0, 0, 0, 0, '{}', 2),
(51, 22, 'id_artisan', 'text', 'Id Artisan', 1, 1, 0, 0, 0, 0, '{}', 3),
(52, 22, 'titre_commande', 'text', 'Titre Commande', 1, 1, 1, 1, 1, 1, '{}', 4),
(53, 22, 'description_commande', 'text', 'Description Commande', 1, 1, 1, 1, 1, 1, '{}', 5),
(54, 22, 'image', 'image', 'Image', 0, 1, 1, 1, 1, 1, '{}', 6),
(55, 22, 'date_commande', 'date', 'Date Commande', 1, 1, 1, 1, 1, 1, '{}', 7),
(56, 22, 'created_at', 'timestamp', 'Created At', 0, 1, 1, 1, 0, 1, '{}', 8),
(57, 22, 'updated_at', 'timestamp', 'Updated At', 0, 0, 0, 0, 0, 0, '{}', 9);

-- --------------------------------------------------------

--
-- Table structure for table `data_types`
--

CREATE TABLE `data_types` (
  `id` int(10) UNSIGNED NOT NULL,
  `name` varchar(255) COLLATE utf8mb4_unicode_ci NOT NULL,
  `slug` varchar(255) COLLATE utf8mb4_unicode_ci NOT NULL,
  `display_name_singular` varchar(255) COLLATE utf8mb4_unicode_ci NOT NULL,
  `display_name_plural` varchar(255) COLLATE utf8mb4_unicode_ci NOT NULL,
  `icon` varchar(255) COLLATE utf8mb4_unicode_ci DEFAULT NULL,
  `model_name` varchar(255) COLLATE utf8mb4_unicode_ci DEFAULT NULL,
  `policy_name` varchar(255) COLLATE utf8mb4_unicode_ci DEFAULT NULL,
  `controller` varchar(255) COLLATE utf8mb4_unicode_ci DEFAULT NULL,
  `description` varchar(255) COLLATE utf8mb4_unicode_ci DEFAULT NULL,
  `generate_permissions` tinyint(1) NOT NULL DEFAULT 0,
  `server_side` tinyint(4) NOT NULL DEFAULT 0,
  `details` text COLLATE utf8mb4_unicode_ci DEFAULT NULL,
  `created_at` timestamp NULL DEFAULT NULL,
  `updated_at` timestamp NULL DEFAULT NULL
) ENGINE=InnoDB DEFAULT CHARSET=utf8mb4 COLLATE=utf8mb4_unicode_ci;

--
-- Dumping data for table `data_types`
--

INSERT INTO `data_types` (`id`, `name`, `slug`, `display_name_singular`, `display_name_plural`, `icon`, `model_name`, `policy_name`, `controller`, `description`, `generate_permissions`, `server_side`, `details`, `created_at`, `updated_at`) VALUES
(1, 'users', 'users', 'User', 'Users', 'voyager-person', 'TCG\\Voyager\\Models\\User', 'TCG\\Voyager\\Policies\\UserPolicy', 'TCG\\Voyager\\Http\\Controllers\\VoyagerUserController', NULL, 1, 0, '{\"order_column\":null,\"order_display_column\":null,\"order_direction\":\"desc\",\"default_search_key\":null,\"scope\":null}', '2022-03-23 16:35:57', '2022-04-16 13:25:57'),
(2, 'menus', 'menus', 'Menu', 'Menus', 'voyager-list', 'TCG\\Voyager\\Models\\Menu', NULL, '', '', 1, 0, NULL, '2022-03-23 16:35:57', '2022-03-23 16:35:57'),
(3, 'roles', 'roles', 'Role', 'Roles', 'voyager-lock', 'TCG\\Voyager\\Models\\Role', NULL, 'TCG\\Voyager\\Http\\Controllers\\VoyagerRoleController', '', 1, 0, NULL, '2022-03-23 16:35:57', '2022-03-23 16:35:57'),
(9, 'clients', 'clients', 'Client', 'Clients', NULL, 'App\\Models\\Clients', NULL, NULL, NULL, 1, 0, '{\"order_column\":null,\"order_display_column\":null,\"order_direction\":\"asc\",\"default_search_key\":null}', '2022-04-18 13:34:32', '2022-04-18 13:34:32'),
(20, 'notes', 'notes', 'Note', 'Notes', NULL, 'App\\Models\\Notes', NULL, NULL, NULL, 1, 0, '{\"order_column\":null,\"order_display_column\":null,\"order_direction\":\"asc\",\"default_search_key\":null}', '2022-04-19 12:12:25', '2022-04-19 12:12:25'),
(21, 'articles', 'articles', 'Article', 'Articles', NULL, 'App\\Models\\Articles', NULL, NULL, NULL, 1, 0, '{\"order_column\":null,\"order_display_column\":null,\"order_direction\":\"asc\",\"default_search_key\":null,\"scope\":null}', '2022-04-19 12:13:42', '2022-04-19 12:14:18'),
(22, 'commandes', 'commandes', 'Commande', 'Commandes', 'voyager-paper-plane', 'App\\Models\\Commandes', NULL, NULL, NULL, 1, 0, '{\"order_column\":null,\"order_display_column\":null,\"order_direction\":\"asc\",\"default_search_key\":\"id_artisan\",\"scope\":null}', '2022-04-21 10:24:39', '2022-04-23 23:33:22');

-- --------------------------------------------------------

--
-- Table structure for table `failed_jobs`
--

CREATE TABLE `failed_jobs` (
  `id` bigint(20) UNSIGNED NOT NULL,
  `uuid` varchar(255) COLLATE utf8mb4_unicode_ci NOT NULL,
  `connection` text COLLATE utf8mb4_unicode_ci NOT NULL,
  `queue` text COLLATE utf8mb4_unicode_ci NOT NULL,
  `payload` longtext COLLATE utf8mb4_unicode_ci NOT NULL,
  `exception` longtext COLLATE utf8mb4_unicode_ci NOT NULL,
  `failed_at` timestamp NOT NULL DEFAULT current_timestamp()
) ENGINE=InnoDB DEFAULT CHARSET=utf8mb4 COLLATE=utf8mb4_unicode_ci;

-- --------------------------------------------------------

--
-- Table structure for table `menus`
--

CREATE TABLE `menus` (
  `id` int(10) UNSIGNED NOT NULL,
  `name` varchar(255) COLLATE utf8mb4_unicode_ci NOT NULL,
  `created_at` timestamp NULL DEFAULT NULL,
  `updated_at` timestamp NULL DEFAULT NULL
) ENGINE=InnoDB DEFAULT CHARSET=utf8mb4 COLLATE=utf8mb4_unicode_ci;

--
-- Dumping data for table `menus`
--

INSERT INTO `menus` (`id`, `name`, `created_at`, `updated_at`) VALUES
(1, 'admin', '2022-03-23 16:35:57', '2022-03-23 16:35:57');

-- --------------------------------------------------------

--
-- Table structure for table `menu_items`
--

CREATE TABLE `menu_items` (
  `id` int(10) UNSIGNED NOT NULL,
  `menu_id` int(10) UNSIGNED DEFAULT NULL,
  `title` varchar(255) COLLATE utf8mb4_unicode_ci NOT NULL,
  `url` varchar(255) COLLATE utf8mb4_unicode_ci NOT NULL,
  `target` varchar(255) COLLATE utf8mb4_unicode_ci NOT NULL DEFAULT '_self',
  `icon_class` varchar(255) COLLATE utf8mb4_unicode_ci DEFAULT NULL,
  `color` varchar(255) COLLATE utf8mb4_unicode_ci DEFAULT NULL,
  `parent_id` int(11) DEFAULT NULL,
  `order` int(11) NOT NULL,
  `created_at` timestamp NULL DEFAULT NULL,
  `updated_at` timestamp NULL DEFAULT NULL,
  `route` varchar(255) COLLATE utf8mb4_unicode_ci DEFAULT NULL,
  `parameters` text COLLATE utf8mb4_unicode_ci DEFAULT NULL
) ENGINE=InnoDB DEFAULT CHARSET=utf8mb4 COLLATE=utf8mb4_unicode_ci;

--
-- Dumping data for table `menu_items`
--

INSERT INTO `menu_items` (`id`, `menu_id`, `title`, `url`, `target`, `icon_class`, `color`, `parent_id`, `order`, `created_at`, `updated_at`, `route`, `parameters`) VALUES
(1, 1, 'Dashboard', '', '_self', 'voyager-boat', NULL, NULL, 1, '2022-03-23 16:35:57', '2022-04-23 13:51:27', 'voyager.dashboard', NULL),
(2, 1, 'Media', '', '_self', 'voyager-images', NULL, NULL, 5, '2022-03-23 16:35:57', '2022-04-23 13:51:27', 'voyager.media.index', NULL),
(3, 1, 'Users', '', '_self', 'voyager-person', NULL, NULL, 4, '2022-03-23 16:35:57', '2022-04-23 13:51:27', 'voyager.users.index', NULL),
(4, 1, 'Roles', '', '_self', 'voyager-lock', NULL, NULL, 3, '2022-03-23 16:35:57', '2022-04-23 13:51:27', 'voyager.roles.index', NULL),
(5, 1, 'Tools', '', '_self', 'voyager-tools', NULL, NULL, 9, '2022-03-23 16:35:57', '2022-04-21 10:31:06', NULL, NULL),
(6, 1, 'Menu Builder', '', '_self', 'voyager-list', NULL, 5, 1, '2022-03-23 16:35:57', '2022-04-18 13:49:16', 'voyager.menus.index', NULL),
(7, 1, 'Database', '', '_self', 'voyager-data', NULL, 5, 2, '2022-03-23 16:35:57', '2022-04-18 13:49:16', 'voyager.database.index', NULL),
(8, 1, 'Compass', '', '_self', 'voyager-compass', NULL, 5, 3, '2022-03-23 16:35:57', '2022-04-18 13:49:16', 'voyager.compass.index', NULL),
(9, 1, 'BREAD', '', '_self', 'voyager-bread', NULL, 5, 4, '2022-03-23 16:35:57', '2022-04-18 13:49:16', 'voyager.bread.index', NULL),
(10, 1, 'Settings', '', '_self', 'voyager-settings', NULL, NULL, 10, '2022-03-23 16:35:57', '2022-04-21 10:31:06', 'voyager.settings.index', NULL),
(11, 1, 'Clients', '', '_self', 'voyager-people', '#000000', NULL, 6, '2022-04-18 13:34:32', '2022-04-23 13:51:27', 'voyager.clients.index', 'null'),
(14, 1, 'Notes', '', '_self', 'voyager-receipt', '#000000', NULL, 2, '2022-04-19 12:12:26', '2022-04-23 13:51:27', 'voyager.notes.index', 'null'),
(15, 1, 'Articles', '', '_self', 'voyager-hammer', '#000000', NULL, 7, '2022-04-19 12:13:42', '2022-04-23 13:51:27', 'voyager.articles.index', 'null'),
(16, 1, 'Commandes', '', '_self', NULL, NULL, NULL, 8, '2022-04-21 10:24:39', '2022-04-21 10:31:06', 'voyager.commandes.index', NULL);

-- --------------------------------------------------------

--
-- Table structure for table `migrations`
--

CREATE TABLE `migrations` (
  `id` int(10) UNSIGNED NOT NULL,
  `migration` varchar(255) COLLATE utf8mb4_unicode_ci NOT NULL,
  `batch` int(11) NOT NULL
) ENGINE=InnoDB DEFAULT CHARSET=utf8mb4 COLLATE=utf8mb4_unicode_ci;

--
-- Dumping data for table `migrations`
--

INSERT INTO `migrations` (`id`, `migration`, `batch`) VALUES
(1, '2014_10_12_000000_create_users_table', 1),
(2, '2014_10_12_100000_create_password_resets_table', 1),
(3, '2016_01_01_000000_add_voyager_user_fields', 1),
(4, '2016_01_01_000000_create_data_types_table', 1),
(5, '2016_05_19_173453_create_menu_table', 1),
(6, '2016_10_21_190000_create_roles_table', 1),
(7, '2016_10_21_190000_create_settings_table', 1),
(8, '2016_11_30_135954_create_permission_table', 1),
(9, '2016_11_30_141208_create_permission_role_table', 1),
(10, '2016_12_26_201236_data_types__add__server_side', 1),
(11, '2017_01_13_000000_add_route_to_menu_items_table', 1),
(12, '2017_01_14_005015_create_translations_table', 1),
(13, '2017_01_15_000000_make_table_name_nullable_in_permissions_table', 1),
(14, '2017_03_06_000000_add_controller_to_data_types_table', 1),
(15, '2017_04_21_000000_add_order_to_data_rows_table', 1),
(16, '2017_07_05_210000_add_policyname_to_data_types_table', 1),
(17, '2017_08_05_000000_add_group_to_settings_table', 1),
(18, '2017_11_26_013050_add_user_role_relationship', 1),
(19, '2017_11_26_015000_create_user_roles_table', 1),
(20, '2018_03_11_000000_add_user_settings', 1),
(21, '2018_03_14_000000_add_details_to_data_types_table', 1),
(22, '2018_03_16_000000_make_settings_value_nullable', 1),
(23, '2019_08_19_000000_create_failed_jobs_table', 1),
(24, '2019_12_14_000001_create_personal_access_tokens_table', 1),
(25, '2022_04_14_001001_create_clients_table', 2);

-- --------------------------------------------------------

--
-- Table structure for table `notes`
--

CREATE TABLE `notes` (
  `id` int(11) NOT NULL,
  `utilisateur` varchar(20) NOT NULL,
  `email` varchar(50) NOT NULL,
  `description` varchar(300) NOT NULL
) ENGINE=InnoDB DEFAULT CHARSET=utf8mb4;

-- --------------------------------------------------------

--
-- Table structure for table `password_resets`
--

CREATE TABLE `password_resets` (
  `email` varchar(255) COLLATE utf8mb4_unicode_ci NOT NULL,
  `token` varchar(255) COLLATE utf8mb4_unicode_ci NOT NULL,
  `created_at` timestamp NULL DEFAULT NULL
) ENGINE=InnoDB DEFAULT CHARSET=utf8mb4 COLLATE=utf8mb4_unicode_ci;

-- --------------------------------------------------------

--
-- Table structure for table `permissions`
--

CREATE TABLE `permissions` (
  `id` bigint(20) UNSIGNED NOT NULL,
  `key` varchar(255) COLLATE utf8mb4_unicode_ci NOT NULL,
  `table_name` varchar(255) COLLATE utf8mb4_unicode_ci DEFAULT NULL,
  `created_at` timestamp NULL DEFAULT NULL,
  `updated_at` timestamp NULL DEFAULT NULL
) ENGINE=InnoDB DEFAULT CHARSET=utf8mb4 COLLATE=utf8mb4_unicode_ci;

--
-- Dumping data for table `permissions`
--

INSERT INTO `permissions` (`id`, `key`, `table_name`, `created_at`, `updated_at`) VALUES
(1, 'browse_admin', NULL, '2022-03-23 16:35:57', '2022-03-23 16:35:57'),
(2, 'browse_bread', NULL, '2022-03-23 16:35:57', '2022-03-23 16:35:57'),
(3, 'browse_database', NULL, '2022-03-23 16:35:57', '2022-03-23 16:35:57'),
(4, 'browse_media', NULL, '2022-03-23 16:35:57', '2022-03-23 16:35:57'),
(5, 'browse_compass', NULL, '2022-03-23 16:35:57', '2022-03-23 16:35:57'),
(6, 'browse_menus', 'menus', '2022-03-23 16:35:57', '2022-03-23 16:35:57'),
(7, 'read_menus', 'menus', '2022-03-23 16:35:57', '2022-03-23 16:35:57'),
(8, 'edit_menus', 'menus', '2022-03-23 16:35:57', '2022-03-23 16:35:57'),
(9, 'add_menus', 'menus', '2022-03-23 16:35:57', '2022-03-23 16:35:57'),
(10, 'delete_menus', 'menus', '2022-03-23 16:35:57', '2022-03-23 16:35:57'),
(11, 'browse_roles', 'roles', '2022-03-23 16:35:57', '2022-03-23 16:35:57'),
(12, 'read_roles', 'roles', '2022-03-23 16:35:57', '2022-03-23 16:35:57'),
(13, 'edit_roles', 'roles', '2022-03-23 16:35:57', '2022-03-23 16:35:57'),
(14, 'add_roles', 'roles', '2022-03-23 16:35:57', '2022-03-23 16:35:57'),
(15, 'delete_roles', 'roles', '2022-03-23 16:35:57', '2022-03-23 16:35:57'),
(16, 'browse_users', 'users', '2022-03-23 16:35:57', '2022-03-23 16:35:57'),
(17, 'read_users', 'users', '2022-03-23 16:35:57', '2022-03-23 16:35:57'),
(18, 'edit_users', 'users', '2022-03-23 16:35:57', '2022-03-23 16:35:57'),
(19, 'add_users', 'users', '2022-03-23 16:35:57', '2022-03-23 16:35:57'),
(20, 'delete_users', 'users', '2022-03-23 16:35:57', '2022-03-23 16:35:57'),
(21, 'browse_settings', 'settings', '2022-03-23 16:35:57', '2022-03-23 16:35:57'),
(22, 'read_settings', 'settings', '2022-03-23 16:35:57', '2022-03-23 16:35:57'),
(23, 'edit_settings', 'settings', '2022-03-23 16:35:57', '2022-03-23 16:35:57'),
(24, 'add_settings', 'settings', '2022-03-23 16:35:57', '2022-03-23 16:35:57'),
(25, 'delete_settings', 'settings', '2022-03-23 16:35:57', '2022-03-23 16:35:57'),
(26, 'browse_clients', 'clients', '2022-04-18 13:34:32', '2022-04-18 13:34:32'),
(27, 'read_clients', 'clients', '2022-04-18 13:34:32', '2022-04-18 13:34:32'),
(28, 'edit_clients', 'clients', '2022-04-18 13:34:32', '2022-04-18 13:34:32'),
(29, 'add_clients', 'clients', '2022-04-18 13:34:32', '2022-04-18 13:34:32'),
(30, 'delete_clients', 'clients', '2022-04-18 13:34:32', '2022-04-18 13:34:32'),
(41, 'browse_notes', 'notes', '2022-04-19 12:12:25', '2022-04-19 12:12:25'),
(42, 'read_notes', 'notes', '2022-04-19 12:12:25', '2022-04-19 12:12:25'),
(43, 'edit_notes', 'notes', '2022-04-19 12:12:25', '2022-04-19 12:12:25'),
(44, 'add_notes', 'notes', '2022-04-19 12:12:25', '2022-04-19 12:12:25'),
(45, 'delete_notes', 'notes', '2022-04-19 12:12:25', '2022-04-19 12:12:25'),
(46, 'browse_articles', 'articles', '2022-04-19 12:13:42', '2022-04-19 12:13:42'),
(47, 'read_articles', 'articles', '2022-04-19 12:13:42', '2022-04-19 12:13:42'),
(48, 'edit_articles', 'articles', '2022-04-19 12:13:42', '2022-04-19 12:13:42'),
(49, 'add_articles', 'articles', '2022-04-19 12:13:42', '2022-04-19 12:13:42'),
(50, 'delete_articles', 'articles', '2022-04-19 12:13:42', '2022-04-19 12:13:42'),
(51, 'browse_commandes', 'commandes', '2022-04-21 10:24:39', '2022-04-21 10:24:39'),
(52, 'read_commandes', 'commandes', '2022-04-21 10:24:39', '2022-04-21 10:24:39'),
(53, 'edit_commandes', 'commandes', '2022-04-21 10:24:39', '2022-04-21 10:24:39'),
(54, 'add_commandes', 'commandes', '2022-04-21 10:24:39', '2022-04-21 10:24:39'),
(55, 'delete_commandes', 'commandes', '2022-04-21 10:24:39', '2022-04-21 10:24:39');

-- --------------------------------------------------------

--
-- Table structure for table `permission_role`
--

CREATE TABLE `permission_role` (
  `permission_id` bigint(20) UNSIGNED NOT NULL,
  `role_id` bigint(20) UNSIGNED NOT NULL
) ENGINE=InnoDB DEFAULT CHARSET=utf8mb4 COLLATE=utf8mb4_unicode_ci;

--
-- Dumping data for table `permission_role`
--

INSERT INTO `permission_role` (`permission_id`, `role_id`) VALUES
(1, 1),
(1, 3),
(1, 4),
(2, 1),
(3, 1),
(4, 1),
(5, 1),
(6, 1),
(6, 4),
(7, 1),
(8, 1),
(9, 1),
(10, 1),
(11, 1),
(12, 1),
(13, 1),
(14, 1),
(15, 1),
(16, 1),
(17, 1),
(18, 1),
(19, 1),
(20, 1),
(21, 1),
(22, 1),
(23, 1),
(24, 1),
(25, 1),
(26, 1),
(27, 1),
(28, 1),
(29, 1),
(30, 1),
(41, 1),
(42, 1),
(43, 1),
(44, 1),
(45, 1),
(46, 1),
(46, 3),
(47, 1),
(47, 3),
(48, 1),
(48, 3),
(49, 1),
(49, 3),
(50, 1),
(50, 3),
(51, 1),
(51, 3),
(52, 1),
(52, 3),
(53, 1),
(54, 1),
(55, 1);

-- --------------------------------------------------------

--
-- Table structure for table `personal_access_tokens`
--

CREATE TABLE `personal_access_tokens` (
  `id` bigint(20) UNSIGNED NOT NULL,
  `tokenable_type` varchar(255) COLLATE utf8mb4_unicode_ci NOT NULL,
  `tokenable_id` bigint(20) UNSIGNED NOT NULL,
  `name` varchar(255) COLLATE utf8mb4_unicode_ci NOT NULL,
  `token` varchar(64) COLLATE utf8mb4_unicode_ci NOT NULL,
  `abilities` text COLLATE utf8mb4_unicode_ci DEFAULT NULL,
  `last_used_at` timestamp NULL DEFAULT NULL,
  `created_at` timestamp NULL DEFAULT NULL,
  `updated_at` timestamp NULL DEFAULT NULL
) ENGINE=InnoDB DEFAULT CHARSET=utf8mb4 COLLATE=utf8mb4_unicode_ci;

-- --------------------------------------------------------

--
-- Table structure for table `roles`
--

CREATE TABLE `roles` (
  `id` bigint(20) UNSIGNED NOT NULL,
  `name` varchar(255) COLLATE utf8mb4_unicode_ci NOT NULL,
  `display_name` varchar(255) COLLATE utf8mb4_unicode_ci NOT NULL,
  `created_at` timestamp NULL DEFAULT NULL,
  `updated_at` timestamp NULL DEFAULT NULL
) ENGINE=InnoDB DEFAULT CHARSET=utf8mb4 COLLATE=utf8mb4_unicode_ci;

--
-- Dumping data for table `roles`
--

INSERT INTO `roles` (`id`, `name`, `display_name`, `created_at`, `updated_at`) VALUES
(1, 'admin', 'Administrator', '2022-03-23 16:35:57', '2022-03-23 16:35:57'),
(3, 'artisan', 'Artisan', '2022-03-31 21:25:24', '2022-03-31 21:25:24'),
(4, 'Inactive', 'Inactive_user', '2022-04-16 13:23:58', '2022-04-16 13:23:58');

-- --------------------------------------------------------

--
-- Table structure for table `settings`
--

CREATE TABLE `settings` (
  `id` int(10) UNSIGNED NOT NULL,
  `key` varchar(255) COLLATE utf8mb4_unicode_ci NOT NULL,
  `display_name` varchar(255) COLLATE utf8mb4_unicode_ci NOT NULL,
  `value` text COLLATE utf8mb4_unicode_ci DEFAULT NULL,
  `details` text COLLATE utf8mb4_unicode_ci DEFAULT NULL,
  `type` varchar(255) COLLATE utf8mb4_unicode_ci NOT NULL,
  `order` int(11) NOT NULL DEFAULT 1,
  `group` varchar(255) COLLATE utf8mb4_unicode_ci DEFAULT NULL
) ENGINE=InnoDB DEFAULT CHARSET=utf8mb4 COLLATE=utf8mb4_unicode_ci;

--
-- Dumping data for table `settings`
--

INSERT INTO `settings` (`id`, `key`, `display_name`, `value`, `details`, `type`, `order`, `group`) VALUES
(1, 'site.title', 'Site Title', 'El-maalem', '', 'text', 1, 'Site'),
(2, 'site.description', 'Site Description', 'On a constaté la difficulté de contacter les artisans et de trouver ce que le client veut ça dépend de son besoin donc on a décidé de créer un site web dédié au marché de l\'artisanat au Maroc. Ce site est dédié à des étrangers pour une valeur spéciale auprès de ses clients.', '', 'text', 2, 'Site'),
(3, 'site.logo', 'Site Logo', 'settings\\April2022\\ytdb2rpjezIV051EuHEI.png', '', 'image', 3, 'Site'),
(4, 'site.google_analytics_tracking_id', 'Google Analytics Tracking ID', NULL, '', 'text', 4, 'Site'),
(5, 'admin.bg_image', 'Admin Background Image', '', '', 'image', 5, 'Admin'),
(6, 'admin.title', 'Admin Title', 'Voyager', '', 'text', 1, 'Admin'),
(7, 'admin.description', 'Admin Description', 'Welcome to Voyager. The Missing Admin for Laravel', '', 'text', 2, 'Admin'),
(8, 'admin.loader', 'Admin Loader', '', '', 'image', 3, 'Admin'),
(9, 'admin.icon_image', 'Admin Icon Image', '', '', 'image', 4, 'Admin'),
(10, 'admin.google_analytics_client_id', 'Google Analytics Client ID (used for admin dashboard)', NULL, '', 'text', 1, 'Admin');

-- --------------------------------------------------------

--
-- Table structure for table `translations`
--

CREATE TABLE `translations` (
  `id` int(10) UNSIGNED NOT NULL,
  `table_name` varchar(255) COLLATE utf8mb4_unicode_ci NOT NULL,
  `column_name` varchar(255) COLLATE utf8mb4_unicode_ci NOT NULL,
  `foreign_key` int(10) UNSIGNED NOT NULL,
  `locale` varchar(255) COLLATE utf8mb4_unicode_ci NOT NULL,
  `value` text COLLATE utf8mb4_unicode_ci NOT NULL,
  `created_at` timestamp NULL DEFAULT NULL,
  `updated_at` timestamp NULL DEFAULT NULL
) ENGINE=InnoDB DEFAULT CHARSET=utf8mb4 COLLATE=utf8mb4_unicode_ci;

-- --------------------------------------------------------

--
-- Table structure for table `users`
--

CREATE TABLE `users` (
  `id` bigint(20) UNSIGNED NOT NULL,
  `role_id` bigint(20) UNSIGNED DEFAULT NULL,
  `name` varchar(255) COLLATE utf8mb4_unicode_ci NOT NULL,
  `nom` varchar(255) COLLATE utf8mb4_unicode_ci NOT NULL,
  `prenom` varchar(255) COLLATE utf8mb4_unicode_ci NOT NULL,
  `email` varchar(255) COLLATE utf8mb4_unicode_ci NOT NULL,
  `metier` varchar(20) COLLATE utf8mb4_unicode_ci DEFAULT NULL,
  `phone` varchar(16) COLLATE utf8mb4_unicode_ci DEFAULT NULL,
  `avatar` varchar(255) COLLATE utf8mb4_unicode_ci DEFAULT 'users/default.png',
  `email_verified_at` timestamp NULL DEFAULT NULL,
  `password` varchar(255) COLLATE utf8mb4_unicode_ci NOT NULL,
  `remember_token` varchar(100) COLLATE utf8mb4_unicode_ci DEFAULT NULL,
  `settings` text COLLATE utf8mb4_unicode_ci DEFAULT NULL,
  `created_at` timestamp NULL DEFAULT NULL,
  `updated_at` timestamp NULL DEFAULT NULL
) ENGINE=InnoDB DEFAULT CHARSET=utf8mb4 COLLATE=utf8mb4_unicode_ci;

--
-- Dumping data for table `users`
--

INSERT INTO `users` (`id`, `role_id`, `name`, `nom`, `prenom`, `email`, `metier`, `phone`, `avatar`, `email_verified_at`, `password`, `remember_token`, `settings`, `created_at`, `updated_at`) VALUES
(1, 1, 'Admin', '', '', 'admin@admin.com', NULL, '', 'users/default.png', NULL, '$2y$10$lkPFrhB5gRWt0MZl3IgFs.H1mc23JpQfToSOYDa3ENwJMZYRNcbAa', 'WtgMZ8cHNZh1Lvaop4kPtvXLKLPe84P759Dm9RNvzcigJCbs3se7Rx56vhKy', NULL, '2022-03-23 16:36:51', '2022-03-23 16:36:51'),
(35, 4, 'artisan01', 'artisan01', 'artisan01', 'artisan01@artisanat.com', 'Bois', '066666666', NULL, NULL, '$2y$10$G3L/3oQMLpr.f6Kvri40/.l.k6LYbDaKhuzg7E.OLBCVpze4KXXjG', NULL, NULL, '2022-04-24 23:42:43', '2022-04-24 23:42:43'),
(36, 4, 'artisan02', 'artisan02', 'artisan02', 'artisan02@artisanat.com', 'Bois', '066656565', NULL, NULL, '$2y$10$mf/XbsnxEw3MDIel1S4SlOrIJ2EmrPVZw8pcBlxz7pckpi.8OOGcC', NULL, NULL, '2022-04-24 23:45:17', '2022-04-24 23:45:17');

-- --------------------------------------------------------

--
-- Table structure for table `user_roles`
--

CREATE TABLE `user_roles` (
  `user_id` bigint(20) UNSIGNED NOT NULL,
  `role_id` bigint(20) UNSIGNED NOT NULL
) ENGINE=InnoDB DEFAULT CHARSET=utf8mb4 COLLATE=utf8mb4_unicode_ci;

--
-- Indexes for dumped tables
--

--
-- Indexes for table `articles`
--
ALTER TABLE `articles`
  ADD PRIMARY KEY (`id`),
  ADD UNIQUE KEY `id_user_fk` (`id_user`);

--
-- Indexes for table `clients`
--
ALTER TABLE `clients`
  ADD PRIMARY KEY (`id`),
  ADD UNIQUE KEY `email` (`email`);

--
-- Indexes for table `commandes`
--
ALTER TABLE `commandes`
  ADD PRIMARY KEY (`id`),
  ADD KEY `id_cl` (`id_client`),
  ADD KEY `id_art` (`id_artisan`),
  ADD KEY `id_client` (`id_client`),
  ADD KEY `id_client_2` (`id_client`);

--
-- Indexes for table `data_rows`
--
ALTER TABLE `data_rows`
  ADD PRIMARY KEY (`id`),
  ADD KEY `data_rows_data_type_id_foreign` (`data_type_id`);

--
-- Indexes for table `data_types`
--
ALTER TABLE `data_types`
  ADD PRIMARY KEY (`id`),
  ADD UNIQUE KEY `data_types_name_unique` (`name`),
  ADD UNIQUE KEY `data_types_slug_unique` (`slug`);

--
-- Indexes for table `failed_jobs`
--
ALTER TABLE `failed_jobs`
  ADD PRIMARY KEY (`id`),
  ADD UNIQUE KEY `failed_jobs_uuid_unique` (`uuid`);

--
-- Indexes for table `menus`
--
ALTER TABLE `menus`
  ADD PRIMARY KEY (`id`),
  ADD UNIQUE KEY `menus_name_unique` (`name`);

--
-- Indexes for table `menu_items`
--
ALTER TABLE `menu_items`
  ADD PRIMARY KEY (`id`),
  ADD KEY `menu_items_menu_id_foreign` (`menu_id`);

--
-- Indexes for table `migrations`
--
ALTER TABLE `migrations`
  ADD PRIMARY KEY (`id`);

--
-- Indexes for table `notes`
--
ALTER TABLE `notes`
  ADD PRIMARY KEY (`id`);

--
-- Indexes for table `password_resets`
--
ALTER TABLE `password_resets`
  ADD KEY `password_resets_email_index` (`email`);

--
-- Indexes for table `permissions`
--
ALTER TABLE `permissions`
  ADD PRIMARY KEY (`id`),
  ADD KEY `permissions_key_index` (`key`);

--
-- Indexes for table `permission_role`
--
ALTER TABLE `permission_role`
  ADD PRIMARY KEY (`permission_id`,`role_id`),
  ADD KEY `permission_role_permission_id_index` (`permission_id`),
  ADD KEY `permission_role_role_id_index` (`role_id`);

--
-- Indexes for table `personal_access_tokens`
--
ALTER TABLE `personal_access_tokens`
  ADD PRIMARY KEY (`id`),
  ADD UNIQUE KEY `personal_access_tokens_token_unique` (`token`),
  ADD KEY `personal_access_tokens_tokenable_type_tokenable_id_index` (`tokenable_type`,`tokenable_id`);

--
-- Indexes for table `roles`
--
ALTER TABLE `roles`
  ADD PRIMARY KEY (`id`),
  ADD UNIQUE KEY `roles_name_unique` (`name`);

--
-- Indexes for table `settings`
--
ALTER TABLE `settings`
  ADD PRIMARY KEY (`id`),
  ADD UNIQUE KEY `settings_key_unique` (`key`);

--
-- Indexes for table `translations`
--
ALTER TABLE `translations`
  ADD PRIMARY KEY (`id`),
  ADD UNIQUE KEY `translations_table_name_column_name_foreign_key_locale_unique` (`table_name`,`column_name`,`foreign_key`,`locale`);

--
-- Indexes for table `users`
--
ALTER TABLE `users`
  ADD PRIMARY KEY (`id`),
  ADD UNIQUE KEY `users_email_unique` (`email`),
  ADD KEY `users_role_id_foreign` (`role_id`);

--
-- Indexes for table `user_roles`
--
ALTER TABLE `user_roles`
  ADD PRIMARY KEY (`user_id`,`role_id`),
  ADD KEY `user_roles_user_id_index` (`user_id`),
  ADD KEY `user_roles_role_id_index` (`role_id`);

--
-- AUTO_INCREMENT for dumped tables
--

--
-- AUTO_INCREMENT for table `articles`
--
ALTER TABLE `articles`
  MODIFY `id` bigint(20) UNSIGNED NOT NULL AUTO_INCREMENT, AUTO_INCREMENT=4;

--
-- AUTO_INCREMENT for table `clients`
--
ALTER TABLE `clients`
  MODIFY `id` bigint(20) NOT NULL AUTO_INCREMENT, AUTO_INCREMENT=20;

--
-- AUTO_INCREMENT for table `commandes`
--
ALTER TABLE `commandes`
  MODIFY `id` int(11) NOT NULL AUTO_INCREMENT, AUTO_INCREMENT=19;

--
-- AUTO_INCREMENT for table `data_rows`
--
ALTER TABLE `data_rows`
  MODIFY `id` int(10) UNSIGNED NOT NULL AUTO_INCREMENT, AUTO_INCREMENT=58;

--
-- AUTO_INCREMENT for table `data_types`
--
ALTER TABLE `data_types`
  MODIFY `id` int(10) UNSIGNED NOT NULL AUTO_INCREMENT, AUTO_INCREMENT=25;

--
-- AUTO_INCREMENT for table `failed_jobs`
--
ALTER TABLE `failed_jobs`
  MODIFY `id` bigint(20) UNSIGNED NOT NULL AUTO_INCREMENT;

--
-- AUTO_INCREMENT for table `menus`
--
ALTER TABLE `menus`
  MODIFY `id` int(10) UNSIGNED NOT NULL AUTO_INCREMENT, AUTO_INCREMENT=2;

--
-- AUTO_INCREMENT for table `menu_items`
--
ALTER TABLE `menu_items`
  MODIFY `id` int(10) UNSIGNED NOT NULL AUTO_INCREMENT, AUTO_INCREMENT=17;

--
-- AUTO_INCREMENT for table `migrations`
--
ALTER TABLE `migrations`
  MODIFY `id` int(10) UNSIGNED NOT NULL AUTO_INCREMENT, AUTO_INCREMENT=26;

--
-- AUTO_INCREMENT for table `notes`
--
ALTER TABLE `notes`
  MODIFY `id` int(11) NOT NULL AUTO_INCREMENT, AUTO_INCREMENT=3;

--
-- AUTO_INCREMENT for table `permissions`
--
ALTER TABLE `permissions`
  MODIFY `id` bigint(20) UNSIGNED NOT NULL AUTO_INCREMENT, AUTO_INCREMENT=56;

--
-- AUTO_INCREMENT for table `personal_access_tokens`
--
ALTER TABLE `personal_access_tokens`
  MODIFY `id` bigint(20) UNSIGNED NOT NULL AUTO_INCREMENT;

--
-- AUTO_INCREMENT for table `roles`
--
ALTER TABLE `roles`
  MODIFY `id` bigint(20) UNSIGNED NOT NULL AUTO_INCREMENT, AUTO_INCREMENT=5;

--
-- AUTO_INCREMENT for table `settings`
--
ALTER TABLE `settings`
  MODIFY `id` int(10) UNSIGNED NOT NULL AUTO_INCREMENT, AUTO_INCREMENT=11;

--
-- AUTO_INCREMENT for table `translations`
--
ALTER TABLE `translations`
  MODIFY `id` int(10) UNSIGNED NOT NULL AUTO_INCREMENT;

--
-- AUTO_INCREMENT for table `users`
--
ALTER TABLE `users`
  MODIFY `id` bigint(20) UNSIGNED NOT NULL AUTO_INCREMENT, AUTO_INCREMENT=37;

--
-- Constraints for dumped tables
--

--
-- Constraints for table `articles`
--
ALTER TABLE `articles`
  ADD CONSTRAINT `ck_id_user_article` FOREIGN KEY (`id_user`) REFERENCES `users` (`id`);

--
-- Constraints for table `commandes`
--
ALTER TABLE `commandes`
  ADD CONSTRAINT `cmd_art` FOREIGN KEY (`id_artisan`) REFERENCES `users` (`id`),
  ADD CONSTRAINT `cmd_client` FOREIGN KEY (`id_client`) REFERENCES `clients` (`id`);

--
-- Constraints for table `data_rows`
--
ALTER TABLE `data_rows`
  ADD CONSTRAINT `data_rows_data_type_id_foreign` FOREIGN KEY (`data_type_id`) REFERENCES `data_types` (`id`) ON DELETE CASCADE ON UPDATE CASCADE;

--
-- Constraints for table `menu_items`
--
ALTER TABLE `menu_items`
  ADD CONSTRAINT `menu_items_menu_id_foreign` FOREIGN KEY (`menu_id`) REFERENCES `menus` (`id`) ON DELETE CASCADE;

--
-- Constraints for table `permission_role`
--
ALTER TABLE `permission_role`
  ADD CONSTRAINT `permission_role_permission_id_foreign` FOREIGN KEY (`permission_id`) REFERENCES `permissions` (`id`) ON DELETE CASCADE,
  ADD CONSTRAINT `permission_role_role_id_foreign` FOREIGN KEY (`role_id`) REFERENCES `roles` (`id`) ON DELETE CASCADE;

--
-- Constraints for table `users`
--
ALTER TABLE `users`
  ADD CONSTRAINT `users_role_id_foreign` FOREIGN KEY (`role_id`) REFERENCES `roles` (`id`);

--
-- Constraints for table `user_roles`
--
ALTER TABLE `user_roles`
  ADD CONSTRAINT `user_roles_role_id_foreign` FOREIGN KEY (`role_id`) REFERENCES `roles` (`id`) ON DELETE CASCADE,
  ADD CONSTRAINT `user_roles_user_id_foreign` FOREIGN KEY (`user_id`) REFERENCES `users` (`id`) ON DELETE CASCADE;
COMMIT;

/*!40101 SET CHARACTER_SET_CLIENT=@OLD_CHARACTER_SET_CLIENT */;
/*!40101 SET CHARACTER_SET_RESULTS=@OLD_CHARACTER_SET_RESULTS */;
/*!40101 SET COLLATION_CONNECTION=@OLD_COLLATION_CONNECTION */;
